0;0;0;0;x;x;
1;255;99;38;1;x;
2;57;213;221;2;x;
3;11;0;221;3;x;
4;171;133;221;4;x;
5;135;9;199;5;x;
6;50;108;78;6;x;
7;132;165;178;7;x;
8;135;135;44;8;x;
9;53;160;182;9;x;
10;177;105;52;10;x;
11;9;162;0;11;x;
12;53;182;173;12;x;
13;102;51;255;13;x;
14;93;147;46;14;x;
15;221;172;39;15;x;
16;9;144;10;16;x;
17;9;156;175;17;x;
18;176;42;67;18;x;
19;135;102;179;19;x;
20;219;151;50;20;x;
21;255;51;159;21;x;
22;38;38;13;22;x;
23;93;162;176;23;x;
24;177;143;109;24;x;
25;9;108;180;25;x;
26;177;183;52;26;x;
27;51;204;183;27;x;
28;99;214;220;28;x;
29;221;45;155;29;x;
30;93;78;41;30;x;
31;79;100;224;31;x;
32;206;55;45;32;x;
33;114;0;0;33;x;
34;255;57;160;34;x;
35;50;149;123;35;x;
36;85;55;40;36;x;
37;1;54;160;37;x;
38;129;25;148;38;x;
39;180;113;219;39;x;
40;109;159;248;40;x;
41;51;45;58;41;x;
42;203;6;0;42;x;
43;93;24;61;43;x;
44;177;54;187;44;x;
45;177;108;17;45;x;
46;135;51;59;46;x;
47;112;168;128;47;x;
48;200;203;0;48;x;
49;119;21;137;49;x;
50;173;51;255;50;x;
51;130;142;200;51;x;
52;55;117;40;52;x;
53;93;135;136;53;x;
54;224;188;52;54;x;
55;51;48;78;55;x;
56;78;225;42;56;x;
57;170;153;135;57;x;
58;93;51;206;58;x;
59;129;56;75;59;x;
60;3;222;23;60;x;
61;52;132;168;61;x;
62;4;2;77;62;x;
63;9;30;75;63;x;
64;120;165;23;64;x;
65;47;26;27;65;x;
66;51;96;178;66;x;
67;177;27;202;67;x;
68;165;144;161;68;x;
69;193;73;118;69;x;
70;255;15;160;70;x;
71;92;66;71;71;x;
72;51;6;58;72;x;
73;1;16;40;73;x;
74;81;6;221;74;x;
75;51;33;203;75;x;
76;177;150;187;76;x;
77;135;147;59;77;x;
78;136;69;59;78;x;
79;9;93;50;79;x;
80;93;159;61;80;x;
81;51;21;188;81;x;
82;165;40;40;82;x;
83;93;36;76;83;x;
84;255;41;120;84;x;
85;178;72;187;85;x;
86;88;155;147;86;x;
87;10;60;185;87;x;
88;51;96;73;88;x;
89;111;178;57;89;x;
90;93;99;201;90;x;
91;196;137;206;91;x;
92;136;84;189;92;x;
93;94;51;56;93;x;
94;75;73;190;94;x;
95;2;2;248;95;x;
96;135;105;144;96;x;
97;85;39;160;97;x;
98;135;54;79;98;x;
99;136;54;184;99;x;
100;97;99;39;100;x;
101;75;6;32;101;x;
102;6;2;244;102;x;
103;200;211;85;103;x;
104;123;133;20;104;x;
105;97;196;88;105;x;
106;52;48;183;106;x;
107;119;24;48;107;x;
108;94;111;66;108;x;
109;51;99;143;109;x;
110;177;57;207;110;x;
111;9;60;80;111;x;
112;177;93;142;112;x;
113;93;207;161;113;x;
114;9;96;15;114;x;
115;51;78;83;115;x;
116;26;201;111;116;x;
117;154;50;190;117;x;
118;94;99;44;118;x;
119;204;64;21;119;x;
120;51;168;98;120;x;
121;73;6;248;121;x;
122;194;71;71;122;x;
123;51;24;3;123;x;
124;135;15;129;124;x;
125;12;2;248;125;x;
126;15;2;140;126;x;
127;93;192;31;127;x;
128;43;34;144;128;x;
129;177;18;2;129;x;
130;129;13;42;130;x;
131;146;80;207;131;x;
132;93;27;131;132;x;
133;190;50;106;133;x;
134;73;2;23;134;x;
135;188;82;92;135;x;
136;72;222;248;136;x;
137;149;50;127;137;x;
138;177;123;147;138;x;
139;61;163;127;139;x;
140;93;117;146;140;x;
141;9;126;20;141;x;
142;181;0;203;142;x;
143;93;39;41;143;x;
144;178;171;71;144;x;
145;216;98;117;145;x;
146;224;91;52;146;x;
147;135;27;39;147;x;
148;149;135;255;148;x;
149;9;33;40;149;x;
150;177;45;42;150;x;
151;136;99;64;151;x;
152;51;36;168;152;x;
153;203;0;8;153;x;
154;89;86;56;154;x;
155;52;93;63;155;x;
156;9;18;165;156;x;
157;51;210;63;157;x;
158;135;3;64;158;x;
159;112;101;28;159;x;
160;112;101;29;160;x;
161;177;36;197;161;x;
162;164;151;104;162;x;
163;51;42;198;163;x;
164;52;153;73;164;x;
165;6;240;121;165;x;
166;115;60;52;166;x;
167;112;101;30;167;x;
168;93;180;221;168;x;
169;51;132;213;169;x;
170;177;126;212;170;x;
171;131;145;113;171;x;
172;178;162;202;172;x;
173;94;171;76;173;x;
174;94;174;41;174;x;
175;56;6;240;175;x;
176;192;77;171;176;x;
177;136;177;169;177;x;
178;225;152;193;178;x;
179;136;129;69;179;x;
180;136;174;204;180;x;
181;94;141;71;181;x;
182;93;135;86;182;x;
183;52;120;3;183;x;
184;178;180;42;184;x;
185;51;165;183;185;x;
186;94;84;26;186;x;
187;9;162;55;187;x;
188;94;93;226;188;x;
189;52;81;153;189;x;
190;10;15;50;190;x;
191;10;78;25;191;x;
192;94;6;176;192;x;
193;59;126;152;193;x;
194;136;9;49;194;x;
195;52;22;140;195;x;
196;130;129;11;196;x;
197;136;207;174;197;x;
198;135;186;59;198;x;
199;177;159;182;199;x;
200;39;190;64;200;x;
201;136;87;154;201;x;
202;178;159;137;202;x;
203;52;201;173;203;x;
204;10;63;150;204;x;
205;94;204;46;205;x;
206;178;60;22;206;x;
207;52;126;33;207;x;
208;178;183;7;208;x;
209;10;123;160;209;x;
210;51;135;178;210;x;
211;52;21;143;211;x;
212;178;15;142;212;x;
213;95;176;134;213;x;
214;135;162;189;214;x;
215;10;18;15;215;x;
216;190;39;58;216;x;
217;9;168;190;217;x;
218;10;201;10;218;x;
219;143;147;10;219;x;
220;51;171;63;220;x;
221;52;105;128;221;x;
222;178;0;12;222;x;
223;135;114;89;223;x;
224;178;129;132;224;x;
225;93;111;216;225;x;
226;204;132;132;226;x;
227;240;127;99;227;x;
228;94;78;96;228;x;
229;10;87;225;229;x;
230;52;204;138;230;x;
231;10;186;135;231;x;
232;9;150;95;232;x;
233;178;84;97;233;x;
234;93;156;96;234;x;
235;178;39;217;235;x;
236;177;147;222;236;x;
237;168;240;99;237;x;
238;135;144;94;238;x;
239;94;33;216;239;x;
240;178;24;87;240;x;
241;178;69;17;241;x;
242;52;189;8;242;x;
243;10;12;85;243;x;
244;52;144;128;244;x;
245;178;153;2;245;x;
246;136;66;144;246;x;
247;94;147;1;247;x;
248;141;102;221;248;x;
249;94;63;16;249;x;
250;10;3;140;250;x;
251;10;30;180;251;x;
252;94;207;11;252;x;
253;136;6;84;253;x;
254;136;189;79;254;x;
255;187;121;122;255;x;
256;94;201;81;256;x;
257;94;186;206;257;x;
258;183;187;121;258;x;
259;10;180;205;259;x;
260;33;107;39;260;x;
261;107;52;33;261;x;
262;31;164;221;262;x;
263;219;105;103;263;x;
264;155;113;112;264;x;
265;209;174;101;265;x;
266;189;90;50;266;x;
267;100;82;43;267;x;
268;154;175;196;268;x;
269;81;143;208;269;x;
270;50;60;26;270;x;
271;17;89;64;271;x;
272;135;159;224;272;x;
273;204;224;94;273;x;
274;52;183;128;274;x;
275;10;180;0;275;x;
276;136;189;129;276;x;
277;72;82;102;277;x;
278;10;195;130;278;x;
279;52;165;33;279;x;
280;145;213;178;280;x;
281;83;170;164;281;x;
282;245;216;255;282;x;
283;136;204;4;283;x;
284;103;0;203;284;x;
285;178;54;92;285;x;
286;10;177;35;286;x;
287;94;183;36;287;x;
288;52;180;163;288;x;
289;136;201;39;289;x;
290;10;192;165;290;x;
291;136;48;49;291;x;
292;10;144;65;292;x;
293;10;159;195;293;x;
294;52;162;68;294;x;
295;187;141;67;295;x;
296;178;3;77;296;x;
297;10;6;205;297;x;
298;110;101;14;298;x;
299;109;101;13;299;x;
300;60;21;248;300;x;
301;109;101;12;301;x;
302;76;4;76;302;x;
303;90;86;55;303;x;
304;112;101;32;304;x;
305;193;77;172;305;x;
306;191;78;170;306;x;
307;52;60;143;307;x;
308;10;57;15;308;x;
309;94;48;141;309;x;
310;136;51;14;310;x;
311;94;33;11;311;x;
312;52;30;138;312;x;
313;94;18;136;313;x;
314;187;187;81;314;x;
315;178;39;12;315;x;
316;51;144;23;316;x;
317;110;101;16;317;x;
318;9;132;50;318;x;
319;9;147;180;319;x;
320;110;101;15;320;x;
321;113;101;34;321;x;
322;136;21;9;322;x;
323;2;0;203;323;x;
324;51;150;53;324;x;
325;178;24;137;325;x;
326;87;148;132;326;x;
327;69;95;165;327;x;
328;88;0;18;328;x;
329;84;0;248;329;x;
330;52;177;198;330;x;
331;83;146;187;331;x;
332;136;183;199;332;x;
333;91;150;77;333;x;
334;178;186;72;334;x;
335;96;0;77;335;x;
336;178;63;87;336;x;
337;97;153;132;337;x;
338;10;51;85;338;x;
339;136;45;84;339;x;
340;178;48;212;340;x;
341;130;156;217;341;x;
342;52;36;18;342;x;
343;67;4;76;343;x;
344;178;30;17;344;x;
345;81;71;221;345;x;
346;68;4;126;346;x;
347;10;33;145;347;x;
348;78;66;99;348;x;
349;52;99;93;349;x;
350;100;26;26;350;x;
351;178;93;92;351;x;
352;102;92;130;352;x;
353;236;130;255;353;x;
354;177;177;227;354;x;
355;10;96;220;355;x;
356;69;4;180;356;x;
357;70;4;248;357;x;
358;178;138;227;358;x;
359;62;4;76;359;x;
360;139;195;223;360;x;
361;60;58;100;361;x;
362;57;4;76;362;x;
363;149;114;50;363;x;
364;113;101;28;364;x;
365;52;108;193;365;x;
366;178;192;207;366;x;
367;93;9;186;367;x;
368;81;224;52;368;x;
369;90;87;55;369;x;
370;192;77;170;370;x;
371;178;12;177;371;x;
372;178;9;212;372;x;
373;52;42;48;373;x;
374;177;90;177;374;x;
375;177;102;87;375;x;
376;9;3;185;376;x;
377;51;153;223;377;x;
378;10;174;70;378;x;
379;144;96;34;379;x;
380;29;112;60;380;x;
381;113;101;27;381;x;
382;112;101;27;382;x;
383;113;101;35;383;x;
384;146;192;122;384;x;
385;51;204;33;385;x;
386;85;35;160;386;x;
387;12;109;29;387;x;
388;109;177;120;388;x;
389;89;86;55;389;x;
390;94;86;63;390;x;
391;194;77;173;391;x;
392;177;165;62;392;x;
393;51;66;68;393;x;
394;178;150;37;394;x;
395;93;6;71;395;x;
396;126;50;149;396;x;
397;94;86;64;397;x;
398;89;149;248;398;x;
399;10;36;210;399;x;
400;131;32;234;400;x;
401;165;36;120;401;x;
402;85;147;22;402;x;
403;255;45;160;403;x;
404;52;39;83;404;x;
405;165;56;120;405;x;
406;51;197;79;406;x;
407;52;18;178;407;x;
408;178;144;7;408;x;
409;10;162;160;409;x;
410;177;129;177;410;x;
411;10;39;175;411;x;
412;10;189;200;412;x;
413;94;63;221;413;x;
414;197;139;51;414;x;
415;163;85;226;415;x;
416;6;117;240;416;x;
417;10;27;215;417;x;
418;10;90;190;418;x;
419;10;168;40;419;x;
420;135;135;149;420;x;
421;94;198;166;421;x;
422;94;165;196;422;x;
423;93;99;51;423;x;
424;56;4;13;424;x;
425;255;230;0;425;x;
426;249;38;102;426;x;
427;86;29;36;427;x;
428;10;102;0;428;x;
429;93;45;71;429;x;
430;135;48;199;430;x;
431;10;153;165;431;x;
432;177;96;207;432;x;
433;93;90;206;433;x;
434;53;0;244;434;x;
435;56;132;31;435;x;
436;55;0;18;436;x;
437;59;33;20;437;x;
438;62;135;240;438;x;
439;63;0;244;439;x;
440;129;125;194;440;x;
441;136;18;44;441;x;
442;54;4;180;442;x;
443;178;51;177;443;x;
444;90;0;22;444;x;
445;178;126;62;445;x;
446;95;152;22;446;x;
447;52;117;188;447;x;
448;136;123;189;448;x;
449;136;108;59;449;x;
450;136;93;184;450;x;
451;94;90;56;451;x;
452;99;117;15;452;x;
453;81;4;13;453;x;
454;80;244;248;454;x;
455;9;0;70;455;x;
456;74;215;209;456;x;
457;97;4;76;457;x;
458;92;244;76;458;x;
459;91;4;13;459;x;
460;89;4;180;460;x;
461;192;203;0;461;x;
462;93;4;126;462;x;
463;38;66;78;463;x;
464;94;153;136;464;x;
465;178;177;77;465;x;
466;70;6;236;466;x;
467;178;201;202;467;x;
468;136;90;219;468;x;
469;200;164;130;469;x;
470;57;0;240;470;x;
471;61;6;240;471;x;
472;136;159;74;472;x;
473;10;135;70;473;x;
474;136;111;24;474;x;
475;177;90;72;475;x;
476;51;207;98;476;x;
477;102;47;30;477;x;
478;177;141;137;478;x;
479;83;116;190;479;x;
480;178;120;32;480;x;
481;51;87;78;481;x;
482;37;26;47;482;x;
483;51;51;88;483;x;
484;135;120;19;484;x;
485;177;111;82;485;x;
486;107;101;33;486;x;
487;193;77;90;487;x;
488;140;24;22;488;x;
489;135;39;204;489;x;
490;93;96;86;490;x;
491;37;61;169;491;x;
492;53;118;182;492;x;
493;136;36;89;493;x;
494;136;12;14;494;x;
495;177;138;22;495;x;
496;177;168;27;496;x;
497;52;63;58;497;x;
498;150;153;41;498;x;
499;190;149;141;499;x;
500;94;114;31;500;x;
501;178;84;147;501;x;
502;94;120;61;502;x;
503;52;87;183;503;x;
504;92;51;196;504;x;
505;9;177;185;505;x;
506;50;87;173;506;x;
507;62;6;244;507;x;
508;51;9;128;508;x;
509;135;87;49;509;x;
510;93;147;151;510;x;
511;135;195;159;511;x;
512;178;57;57;512;x;
513;94;45;176;513;x;
514;0;150;203;514;x;
515;10;198;45;515;x;
516;153;41;69;516;x;
517;178;75;152;517;x;
518;70;195;36;518;x;
519;94;87;91;519;x;
520;93;86;93;520;x;
521;35;111;60;521;x;
522;90;85;56;522;x;
523;203;0;58;523;x;
524;9;84;205;524;x;
525;177;42;77;525;x;
526;94;42;211;526;x;
527;55;4;248;527;x;
528;177;114;47;528;x;
529;66;4;13;529;x;
530;1;38;120;530;x;
531;158;198;52;531;x;
532;136;27;144;532;x;
533;51;15;158;533;x;
534;200;130;146;534;x;
535;30;134;19;535;x;
536;82;102;56;536;x;
537;93;84;176;537;x;
538;93;126;91;538;x;
539;9;171;50;539;x;
540;94;24;16;540;x;
541;136;57;149;541;x;
542;93;168;56;542;x;
543;219;68;7;543;x;
544;34;90;144;544;x;
545;136;180;134;545;x;
546;201;94;106;546;x;
547;177;30;167;547;x;
548;136;171;34;548;x;
549;115;88;52;549;x;
550;177;75;47;550;x;
551;93;129;56;551;x;
552;109;66;83;552;x;
553;169;170;123;553;x;
554;93;87;141;554;x;
555;136;66;94;555;x;
556;178;156;67;556;x;
557;78;4;126;557;x;
558;143;173;229;558;x;
559;61;4;13;559;x;
560;10;150;200;560;x;
561;147;190;141;561;x;
562;52;15;8;562;x;
563;177;0;57;563;x;
564;136;72;24;564;x;
565;178;51;27;565;x;
566;52;57;178;566;x;
567;94;60;51;567;x;
568;94;168;161;568;x;
569;145;116;127;569;x;
570;149;79;50;570;x;
571;54;53;182;571;x;
572;138;167;158;572;x;
573;177;174;57;573;x;
574;51;159;153;574;x;
575;51;174;28;575;x;
576;178;96;57;576;x;
577;208;133;212;577;x;
578;155;4;40;578;x;
579;195;181;36;579;x;
580;135;138;9;580;x;
581;178;165;167;581;x;
582;178;174;162;582;x;
583;36;144;34;583;x;
584;93;151;187;584;x;
585;92;0;132;585;x;
586;94;244;180;586;x;
587;136;96;99;587;x;
588;160;1;1;588;x;
589;36;195;151;589;x;
590;94;195;201;590;x;
591;255;51;102;591;x;
592;93;39;191;592;x;
593;93;21;201;593;x;
594;9;207;190;594;x;
595;135;111;174;595;x;
596;77;4;76;596;x;
597;94;3;6;597;x;
598;178;69;222;598;x;
599;52;84;218;599;x;
600;10;9;170;600;x;
601;51;162;218;601;x;
602;50;48;68;602;x;
603;94;0;248;603;x;
604;130;162;197;604;x;
605;51;81;48;605;x;
606;132;131;254;606;x;
607;178;114;2;607;x;
608;10;105;65;608;x;
609;93;0;191;609;x;
610;177;51;72;610;x;
611;51;57;73;611;x;
612;39;6;232;612;x;
613;86;0;77;613;x;
614;10;84;55;614;x;
615;52;171;168;615;x;
616;204;56;56;616;x;
617;79;4;180;617;x;
618;153;66;40;618;x;
619;9;45;205;619;x;
620;178;42;182;620;x;
621;94;162;131;621;x;
622;221;39;66;622;x;
623;52;105;23;623;x;
624;136;126;4;624;x;
625;136;153;194;625;x;
626;51;36;63;626;x;
627;135;210;184;627;x;
628;58;133;244;628;x;
629;160;34;232;629;x;
630;217;139;201;630;x;
631;9;123;55;631;x;
632;203;212;192;632;x;
633;94;66;186;633;x;
634;10;45;55;634;x;
635;178;87;62;635;x;
636;157;210;168;636;x;
637;178;33;82;637;x;
638;40;45;27;638;x;
639;51;114;18;639;x;
640;136;51;219;640;x;
641;82;121;31;641;x;
642;178;159;32;642;x;
643;182;112;154;643;x;
644;7;72;225;644;x;
645;178;147;72;645;x;
646;178;195;172;646;x;
647;177;183;157;647;x;
648;52;150;8;648;x;
649;160;115;90;649;x;
650;135;24;74;650;x;
651;51;189;158;651;x;
652;99;4;180;652;x;
653;84;244;180;653;x;
654;178;78;217;654;x;
655;136;210;139;655;x;
656;60;4;248;656;x;
657;51;105;173;657;x;
658;1;6;160;658;x;
659;122;157;63;659;x;
660;48;214;218;660;x;
661;38;78;73;661;x;
662;94;27;81;662;x;
663;64;144;130;663;x;
664;52;30;88;664;x;
665;52;0;83;665;x;
666;136;81;19;666;x;
667;52;135;28;667;x;
668;194;154;142;668;x;
669;181;177;46;669;x;
670;65;137;22;670;x;
671;10;81;90;671;x;
672;49;39;182;672;x;
673;197;51;87;673;x;
674;178;36;47;674;x;
675;165;143;161;675;x;
676;49;104;17;676;x;
677;135;72;174;677;x;
678;9;48;65;678;x;
679;52;72;53;679;x;
680;9;135;220;680;x;
681;178;141;192;681;x;
682;92;125;200;682;x;
683;83;107;170;683;x;
684;112;162;163;684;x;
685;51;93;213;685;x;
686;93;165;91;686;x;
687;135;99;214;687;x;
688;142;46;42;688;x;
689;178;171;197;689;x;
690;78;185;69;690;x;
691;52;117;38;691;x;
692;83;4;126;692;x;
693;177;81;77;693;x;
694;51;3;198;694;x;
695;9;141;150;695;x;
696;107;196;88;696;x;
697;178;132;197;697;x;
698;136;117;159;698;x;
699;177;99;172;699;x;
700;164;39;140;700;x;
701;94;30;46;701;x;
702;135;99;99;702;x;
703;32;31;92;703;x;
704;136;162;39;704;x;
705;246;93;102;705;x;
706;178;198;137;706;x;
707;94;177;6;707;x;
708;51;174;178;708;x;
709;43;4;126;709;x;
710;61;0;21;710;x;
711;52;192;73;711;x;
712;135;90;14;712;x;
713;178;99;22;713;x;
714;94;3;211;714;x;
715;1;50;120;715;x;
716;178;9;7;716;x;
717;52;111;158;717;x;
718;46;162;180;718;x;
719;10;93;155;719;x;
720;178;99;227;720;x;
721;135;201;189;721;x;
722;255;33;160;722;x;
723;122;179;207;723;x;
724;39;199;21;724;x;
725;149;50;84;725;x;
726;94;48;91;726;x;
727;51;132;8;727;x;
728;10;195;80;728;x;
729;52;0;133;729;x;
730;136;30;209;730;x;
731;178;66;52;731;x;
732;34;195;151;732;x;
733;29;195;151;733;x;
734;137;167;158;734;x;
735;39;69;56;735;x;
736;181;46;180;736;x;
737;50;4;248;737;x;
738;9;78;175;738;x;
739;9;159;90;739;x;
740;0;54;200;740;x;
741;136;75;89;741;x;
742;238;34;34;742;x;
743;32;195;151;743;x;
744;137;168;158;744;x;
745;135;150;24;745;x;
746;80;68;149;746;x;
747;51;84;13;747;x;
748;93;54;171;748;x;
749;136;195;9;749;x;
750;136;156;9;750;x;
751;136;33;174;751;x;
752;52;183;78;752;x;
753;51;51;193;753;x;
754;224;60;101;754;x;
755;177;156;217;755;x;
756;64;136;248;756;x;
757;95;4;248;757;x;
758;37;195;150;758;x;
759;224;65;52;759;x;
760;51;108;88;760;x;
761;135;174;99;761;x;
762;10;66;215;762;x;
763;93;12;1;763;x;
764;9;111;145;764;x;
765;135;78;204;765;x;
766;194;74;48;766;x;
767;70;195;31;767;x;
768;135;165;154;768;x;
769;93;177;156;769;x;
770;135;210;34;770;x;
771;136;192;44;771;x;
772;51;66;173;772;x;
773;135;42;64;773;x;
774;49;148;138;774;x;
775;188;91;91;775;x;
776;94;183;141;776;x;
777;10;102;150;777;x;
778;178;114;152;778;x;
779;94;0;41;779;x;
780;178;81;182;780;x;
781;84;6;232;781;x;
782;94;72;216;782;x;
783;53;82;104;783;x;
784;80;66;149;784;x;
785;80;62;150;785;x;
786;70;194;41;786;x;
787;93;75;76;787;x;
788;30;195;151;788;x;
789;136;168;158;789;x;
790;102;75;95;790;x;
791;41;205;181;791;x;
792;165;96;48;792;x;
793;165;32;120;793;x;
794;93;171;226;794;x;
795;210;31;19;795;x;
796;51;54;8;796;x;
797;255;37;40;797;x;
798;255;151;51;798;x;
799;178;129;27;799;x;
800;52;150;158;800;x;
801;136;78;54;801;x;
802;52;69;88;802;x;
803;80;64;150;803;x;
804;70;193;43;804;x;
805;52;45;218;805;x;
806;10;99;185;806;x;
807;80;63;150;807;x;
808;70;195;37;808;x;
809;70;195;32;809;x;
810;9;51;135;810;x;
811;177;198;32;811;x;
812;94;123;131;812;x;
813;9;129;135;813;x;
814;94;9;141;814;x;
815;177;3;227;815;x;
816;135;168;219;816;x;
817;177;204;62;817;x;
818;255;53;120;818;x;
819;70;195;33;819;x;
820;188;193;163;820;x;
821;10;136;12;821;x;
822;36;195;150;822;x;
823;137;167;159;823;x;
824;136;167;159;824;x;
825;52;147;193;825;x;
826;209;70;70;826;x;
827;43;95;146;827;x;
828;31;195;151;828;x;
829;135;168;159;829;x;
830;217;130;75;830;x;
831;218;129;73;831;x;
832;218;130;73;832;x;
833;9;75;210;833;x;
834;93;162;26;834;x;
835;240;99;89;835;x;
836;94;18;86;836;x;
837;10;207;40;837;x;
838;10;0;175;838;x;
839;73;141;187;839;x;
840;74;0;248;840;x;
841;70;195;34;841;x;
842;136;168;159;842;x;
843;75;4;248;843;x;
844;219;129;71;844;x;
845;94;78;146;845;x;
846;198;53;52;846;x;
847;45;78;38;847;x;
848;135;153;89;848;x;
849;66;90;145;849;x;
850;80;64;149;850;x;
851;37;194;151;851;x;
852;34;195;152;852;x;
853;86;148;79;853;x;
854;88;147;78;854;x;
855;87;147;77;855;x;
856;217;130;74;856;x;
857;52;135;133;857;x;
858;35;195;151;858;x;
859;87;147;78;859;x;
860;93;57;136;860;x;
861;93;198;61;861;x;
862;10;117;130;862;x;
863;52;138;198;863;x;
864;94;126;196;864;x;
865;177;48;7;865;x;
866;64;4;180;866;x;
867;35;195;152;867;x;
868;218;130;74;868;x;
869;10;204;75;869;x;
870;136;144;199;870;x;
871;93;60;201;871;x;
872;206;76;183;872;x;
873;42;110;142;873;x;
874;63;139;136;874;x;
875;163;61;143;875;x;
876;80;67;149;876;x;
877;85;147;78;877;x;
878;94;156;201;878;x;
879;50;8;244;879;x;
880;52;210;168;880;x;
881;136;63;179;881;x;
882;80;65;149;882;x;
883;87;148;78;883;x;
884;218;129;71;884;x;
885;9;63;45;885;x;
886;255;142;193;886;x;
887;9;81;140;887;x;
888;93;72;11;888;x;
889;136;168;69;889;x;
890;135;63;74;890;x;
891;177;153;152;891;x;
892;52;9;78;892;x;
893;9;3;35;893;x;
894;49;4;180;894;x;
895;209;111;118;895;x;
896;84;147;77;896;x;
897;173;131;254;897;x;
898;134;134;66;898;x;
899;213;138;80;899;x;
900;72;0;240;900;x;
901;93;69;46;901;x;
902;136;81;224;902;x;
903;196;176;88;903;x;
904;94;153;31;904;x;
905;50;51;149;905;x;
906;88;147;77;906;x;
907;219;128;69;907;x;
908;214;24;29;908;x;
909;89;49;148;909;x;
910;136;141;134;910;x;
911;9;171;155;911;x;
912;135;180;29;912;x;
913;52;90;148;913;x;
914;10;108;30;914;x;
915;136;138;64;915;x;
916;93;153;181;916;x;
917;65;4;248;917;x;
918;36;194;151;918;x;
919;178;169;71;919;x;
920;85;147;77;920;x;
921;219;129;69;921;x;
922;197;167;170;922;x;
923;51;6;163;923;x;
924;52;120;153;924;x;
925;224;69;194;925;x;
926;89;147;76;926;x;
927;196;167;170;927;x;
928;197;166;170;928;x;
929;197;167;171;929;x;
930;219;129;70;930;x;
931;219;129;72;931;x;
932;188;156;69;932;x;
933;53;255;0;933;x;
934;178;2;32;934;x;
935;93;48;186;935;x;
936;135;75;139;936;x;
937;85;147;76;937;x;
938;218;130;72;938;x;
939;135;0;99;939;x;
940;66;0;77;940;x;
941;10;12;135;941;x;
942;178;210;47;942;x;
943;52;24;208;943;x;
944;10;117;25;944;x;
945;10;114;60;945;x;
946;93;63;61;946;x;
947;219;128;68;947;x;
948;94;75;181;948;x;
949;34;142;75;949;x;
950;177;0;162;950;x;
951;10;147;30;951;x;
952;84;147;74;952;x;
953;177;30;62;953;x;
954;94;189;171;954;x;
955;94;105;186;955;x;
956;153;114;102;956;x;
957;94;186;1;957;x;
958;52;90;98;958;x;
959;10;24;45;959;x;
960;119;181;102;960;x;
961;86;147;76;961;x;
962;195;166;170;962;x;
963;92;140;173;963;x;
964;8;45;195;964;x;
965;9;105;215;965;x;
966;135;60;9;966;x;
967;9;156;25;967;x;
968;94;93;21;968;x;
969;10;132;155;969;x;
970;52;27;173;970;x;
971;178;126;167;971;x;
972;201;192;94;972;x;
973;165;44;120;973;x;
974;219;129;73;974;x;
975;178;144;157;975;x;
976;102;70;41;976;x;
977;94;150;66;977;x;
978;10;72;95;978;x;
979;149;50;142;979;x;
980;94;21;51;980;x;
981;9;78;70;981;x;
982;59;61;152;982;x;
983;178;71;77;983;x;
984;9;204;225;984;x;
985;52;6;13;985;x;
986;104;53;94;986;x;
987;136;96;149;987;x;
988;89;156;179;988;x;
989;197;150;51;989;x;
990;136;24;179;990;x;
991;136;198;74;991;x;
992;84;147;75;992;x;
993;255;17;120;993;x;
994;51;12;193;994;x;
995;39;150;192;995;x;
996;10;210;210;996;x;
997;136;6;134;997;x;
998;100;0;22;998;x;
999;177;66;202;999;x;
1000;85;147;75;1000;x;
1001;165;52;40;1001;x;
1002;74;4;180;1002;x;
1003;93;9;37;1003;x;
1004;10;87;20;1004;x;
1005;52;96;28;1005;x;
1006;52;75;223;1006;x;
1007;135;45;134;1007;x;
1008;52;3;48;1008;x;
1009;177;201;97;1009;x;
1010;178;90;27;1010;x;
1011;86;244;13;1011;x;
1012;10;21;80;1012;x;
1013;178;18;207;1013;x;
1014;152;55;81;1014;x;
1015;86;147;77;1015;x;
1016;196;167;171;1016;x;
1017;13;168;120;1017;x;
1018;220;117;154;1018;x;
1019;135;42;169;1019;x;
1020;135;84;84;1020;x;
1021;75;142;22;1021;x;
1022;92;190;185;1022;x;
1023;71;140;77;1023;x;
1024;218;115;71;1024;x;
1025;219;115;71;1025;x;
1026;198;166;170;1026;x;
1027;177;168;177;1027;x;
1028;255;51;217;1028;x;
1029;104;0;248;1029;x;
1030;51;129;148;1030;x;
1031;51;72;203;1031;x;
1032;98;4;126;1032;x;
1033;10;69;180;1033;x;
1034;51;192;223;1034;x;
1035;51;147;88;1035;x;
1036;51;195;188;1036;x;
1037;171;0;203;1037;x;
1038;135;156;54;1038;x;
1039;10;165;75;1039;x;
1040;10;120;195;1040;x;
1041;219;115;72;1041;x;
1042;196;168;172;1042;x;
1043;136;21;214;1043;x;
1044;98;202;216;1044;x;
1045;9;165;225;1045;x;
1046;201;65;218;1046;x;
1047;66;84;85;1047;x;
1048;52;198;208;1048;x;
1049;177;45;192;1049;x;
1050;70;0;22;1050;x;
1051;203;0;160;1051;x;
1052;219;115;70;1052;x;
1053;52;123;68;1053;x;
1054;178;207;132;1054;x;
1055;90;114;160;1055;x;
1056;178;207;82;1056;x;
1057;135;126;49;1057;x;
1058;102;0;132;1058;x;
1059;178;204;167;1059;x;
1060;160;107;128;1060;x;
1061;212;133;152;1061;x;
1062;1;34;40;1062;x;
1063;198;102;139;1063;x;
1064;219;71;86;1064;x;
1065;103;156;187;1065;x;
1066;51;69;138;1066;x;
1067;9;201;160;1067;x;
1068;52;4;76;1068;x;
1069;178;102;192;1069;x;
1070;26;47;36;1070;x;
1071;136;111;129;1071;x;
1072;9;9;65;1072;x;
1073;94;135;191;1073;x;
1074;9;69;75;1074;x;
1075;210;139;225;1075;x;
1076;76;0;77;1076;x;
1077;198;167;170;1077;x;
1078;77;141;217;1078;x;
1079;173;93;94;1079;x;
1080;59;4;180;1080;x;
1081;135;171;184;1081;x;
1082;1;46;40;1082;x;
1083;75;142;218;1083;x;
1084;71;142;219;1084;x;
1085;79;141;217;1085;x;
1086;197;255;196;1086;x;
1087;93;207;56;1087;x;
1088;135;183;94;1088;x;
1089;135;87;199;1089;x;
1090;203;49;144;1090;x;
1091;10;156;130;1091;x;
1092;136;126;154;1092;x;
1093;9;192;60;1093;x;
1094;93;108;46;1094;x;
1095;63;4;126;1095;x;
1096;55;147;152;1096;x;
1097;94;96;191;1097;x;
1098;94;138;6;1098;x;
1099;135;18;194;1099;x;
1100;66;61;130;1100;x;
1101;9;102;45;1101;x;
1102;58;4;126;1102;x;
1103;94;108;1;1103;x;
1104;93;123;176;1104;x;
1105;177;144;52;1105;x;
1106;67;138;132;1106;x;
1107;74;142;218;1107;x;
1108;93;102;16;1108;x;
1109;9;36;5;1109;x;
1110;136;156;159;1110;x;
1111;196;84;83;1111;x;
1112;11;66;68;1112;x;
1113;52;78;188;1113;x;
1114;52;186;43;1114;x;
1115;9;189;95;1115;x;
1116;9;144;215;1116;x;
1117;219;116;73;1117;x;
1118;72;4;76;1118;x;
1119;9;90;85;1119;x;
1120;149;88;50;1120;x;
1121;104;244;180;1121;x;
1122;47;4;76;1122;x;
1123;9;33;190;1123;x;
1124;93;177;51;1124;x;
1125;220;115;68;1125;x;
1126;220;115;67;1126;x;
1127;10;132;5;1127;x;
1128;148;25;43;1128;x;
1129;101;155;77;1129;x;
1130;94;210;76;1130;x;
1131;177;63;137;1131;x;
1132;93;132;21;1132;x;
1133;64;143;220;1133;x;
1134;48;4;126;1134;x;
1135;142;102;42;1135;x;
1136;190;184;135;1136;x;
1137;9;174;220;1137;x;
1138;50;61;190;1138;x;
1139;70;142;219;1139;x;
1140;177;21;67;1140;x;
1141;111;160;77;1141;x;
1142;45;4;248;1142;x;
1143;93;66;81;1143;x;
1144;10;210;5;1144;x;
1145;153;55;52;1145;x;
1146;93;195;96;1146;x;
1147;94;129;161;1147;x;
1148;10;75;60;1148;x;
1149;157;68;63;1149;x;
1150;65;143;220;1150;x;
1151;177;78;12;1151;x;
1152;52;132;63;1152;x;
1153;79;144;248;1153;x;
1154;50;29;86;1154;x;
1155;72;142;219;1155;x;
1156;94;138;156;1156;x;
1157;136;15;79;1157;x;
1158;71;151;178;1158;x;
1159;60;6;236;1159;x;
1160;191;39;47;1160;x;
1161;178;105;157;1161;x;
1162;66;142;220;1162;x;
1163;117;163;188;1163;x;
1164;94;99;156;1164;x;
1165;177;15;37;1165;x;
1166;135;12;164;1166;x;
1167;9;24;195;1167;x;
1168;136;141;29;1168;x;
1169;52;102;58;1169;x;
1170;0;101;38;1170;x;
1171;193;89;68;1171;x;
1172;67;142;220;1172;x;
1173;51;102;208;1173;x;
1174;135;69;209;1174;x;
1175;178;189;37;1175;x;
1176;49;65;140;1176;x;
1177;131;226;82;1177;x;
1178;178;117;67;1178;x;
1179;10;42;90;1179;x;
1180;94;192;136;1180;x;
1181;94;123;26;1181;x;
1182;135;180;179;1182;x;
1183;85;4;248;1183;x;
1184;93;93;171;1184;x;
1185;10;183;170;1185;x;
1186;146;140;229;1186;x;
1187;135;96;44;1187;x;
1188;225;185;42;1188;x;
1189;177;153;47;1189;x;
1190;51;39;133;1190;x;
1191;6;125;131;1191;x;
1192;200;130;174;1192;x;
1193;203;97;0;1193;x;
1194;10;129;40;1194;x;
1195;135;165;49;1195;x;
1196;93;42;6;1196;x;
1197;176;110;82;1197;x;
1198;93;15;66;1198;x;
1199;52;165;138;1199;x;
1200;43;203;0;1200;x;
1201;87;4;76;1201;x;
1202;52;198;3;1202;x;
1203;43;26;47;1203;x;
1204;177;60;67;1204;x;
1205;177;141;87;1205;x;
1206;68;0;187;1206;x;
1207;135;27;189;1207;x;
1208;178;21;172;1208;x;
1209;64;116;131;1209;x;
1210;99;154;248;1210;x;
1211;82;244;76;1211;x;
1212;51;117;83;1212;x;
1213;136;102;29;1213;x;
1214;9;66;10;1214;x;
1215;177;6;192;1215;x;
1216;93;183;186;1216;x;
1217;220;74;134;1217;x;
1218;90;244;248;1218;x;
1219;73;4;126;1219;x;
1220;117;182;190;1220;x;
1221;136;186;164;1221;x;
1222;52;207;203;1222;x;
1223;135;141;179;1223;x;
1224;178;129;71;1224;x;
1225;88;244;126;1225;x;
1226;136;114;194;1226;x;
1227;254;141;184;1227;x;
1228;135;138;214;1228;x;
1229;72;67;138;1229;x;
1230;178;111;187;1230;x;
1231;100;244;248;1231;x;
1232;177;162;97;1232;x;
1233;52;12;43;1233;x;
1234;91;160;90;1234;x;
1235;51;180;186;1235;x;
1236;77;143;132;1236;x;
1237;169;147;161;1237;x;
1238;182;77;73;1238;x;
1239;79;47;133;1239;x;
1240;178;6;42;1240;x;
1241;15;35;48;1241;x;
1242;0;203;169;1242;x;
1243;177;189;187;1243;x;
1244;51;63;208;1244;x;
1245;52;6;244;1245;x;
1246;51;21;38;1246;x;
1247;167;127;127;1247;x;
1248;10;54;50;1248;x;
1249;52;195;38;1249;x;
1250;177;132;92;1250;x;
1251;94;81;61;1251;x;
1252;54;131;248;1252;x;
1253;139;124;215;1253;x;
1254;52;60;93;1254;x;
1255;94;12;206;1255;x;
1256;51;177;93;1256;x;
1257;9;15;200;1257;x;
1258;179;133;204;1258;x;
1259;135;30;4;1259;x;
1260;10;129;190;1260;x;
1261;52;168;203;1261;x;
1262;80;0;22;1262;x;
1263;51;27;68;1263;x;
1264;7;191;219;1264;x;
1265;52;159;3;1265;x;
1266;136;150;129;1266;x;
1267;178;192;2;1267;x;
1268;105;157;22;1268;x;
1269;106;0;77;1269;x;
1270;51;18;73;1270;x;
1271;136;147;164;1271;x;
1272;115;94;52;1272;x;
1273;122;181;151;1273;x;
1274;149;61;50;1274;x;
1275;9;99;80;1275;x;
1276;52;15;213;1276;x;
1277;216;221;160;1277;x;
1278;14;2;86;1278;x;
1279;45;89;165;1279;x;
1280;9;39;70;1280;x;
1281;135;93;79;1281;x;
1282;215;71;219;1282;x;
1283;85;43;40;1283;x;
1284;135;156;204;1284;x;
1285;15;48;30;1285;x;
1286;134;54;69;1286;x;
1287;9;21;130;1287;x;
1288;9;93;200;1288;x;
1289;98;0;187;1289;x;
1290;104;54;116;1290;x;
1291;94;144;36;1291;x;
1292;135;207;69;1292;x;
1293;10;141;0;1293;x;
1294;177;60;172;1294;x;
1295;94;201;131;1295;x;
1296;177;171;92;1296;x;
1297;93;138;51;1297;x;
1298;69;139;248;1298;x;
1299;71;4;13;1299;x;
1300;178;85;71;1300;x;
1301;177;72;82;1301;x;
1302;118;0;214;1302;x;
1303;1;42;160;1303;x;
1304;94;54;21;1304;x;
1305;188;182;82;1305;x;
1306;96;244;13;1306;x;
1307;170;135;146;1307;x;
1308;51;90;43;1308;x;
1309;51;120;48;1309;x;
1310;92;171;146;1310;x;
1311;177;87;212;1311;x;
1312;136;3;169;1312;x;
1313;94;36;181;1313;x;
1314;78;0;187;1314;x;
1315;136;204;209;1315;x;
1316;135;198;224;1316;x;
1317;13;222;23;1317;x;
1318;240;219;99;1318;x;
1319;37;176;187;1319;x;
1320;93;30;196;1320;x;
1321;136;0;204;1321;x;
1322;51;4;13;1322;x;
1323;255;153;51;1323;x;
1324;52;51;148;1324;x;
1325;177;33;132;1325;x;
1326;9;42;185;1326;x;
1327;10;48;20;1327;x;
1328;93;24;166;1328;x;
1329;94;15;171;1329;x;
1330;82;0;132;1330;x;
1331;177;120;182;1331;x;
1332;178;168;132;1332;x;
1333;255;51;83;1333;x;
1334;51;201;68;1334;x;
1335;70;164;226;1335;x;
1336;10;57;220;1336;x;
1337;51;123;218;1337;x;
1338;177;12;72;1338;x;
1339;94;159;166;1339;x;
1340;93;81;211;1340;x;
1341;52;156;38;1341;x;
1342;93;150;216;1342;x;
1343;81;145;77;1343;x;
1344;95;146;165;1344;x;
1345;108;0;187;1345;x;
1346;188;157;226;1346;x;
1347;113;102;45;1347;x;
1348;112;100;29;1348;x;
1349;116;0;77;1349;x;
1350;154;32;48;1350;x;
1351;112;100;31;1351;x;
1352;51;159;48;1352;x;
1353;113;101;44;1353;x;
1354;93;132;171;1354;x;
1355;135;150;174;1355;x;
1356;223;92;54;1356;x;
1357;222;94;57;1357;x;
1358;135;57;44;1358;x;
1359;129;123;208;1359;x;
1360;224;91;53;1360;x;
1361;231;113;81;1361;x;
1362;223;92;53;1362;x;
1363;224;90;54;1363;x;
1364;112;101;44;1364;x;
1365;177;84;42;1365;x;
1366;110;0;23;1366;x;
1367;222;93;56;1367;x;
1368;113;102;55;1368;x;
1369;224;92;53;1369;x;
1370;225;89;35;1370;x;
1371;111;100;0;1371;x;
1372;255;49;40;1372;x;
1373;225;90;34;1373;x;
1374;150;135;254;1374;x;
1375;151;134;253;1375;x;
1376;112;101;43;1376;x;
1377;112;100;30;1377;x;
1378;187;37;37;1378;x;
1379;119;164;248;1379;x;
1380;224;91;51;1380;x;
1381;150;135;255;1381;x;
1382;112;101;38;1382;x;
1383;223;93;55;1383;x;
1384;113;102;53;1384;x;
1385;189;58;50;1385;x;
1386;225;90;35;1386;x;
1387;224;91;54;1387;x;
1388;9;117;175;1388;x;
1389;200;179;32;1389;x;
1390;212;137;61;1390;x;
1391;90;201;162;1391;x;
1392;225;90;36;1392;x;
1393;112;101;37;1393;x;
1394;177;69;167;1394;x;
1395;224;91;55;1395;x;
1396;136;165;4;1396;x;
1397;225;90;38;1397;x;
1398;112;101;31;1398;x;
1399;113;102;49;1399;x;
1400;223;91;59;1400;x;
1401;149;135;254;1401;x;
1402;177;210;197;1402;x;
1403;135;81;169;1403;x;
1404;10;126;225;1404;x;
1405;150;134;253;1405;x;
1406;52;141;163;1406;x;
1407;109;101;9;1407;x;
1408;89;86;53;1408;x;
1409;148;135;254;1409;x;
1410;90;87;66;1410;x;
1411;109;101;10;1411;x;
1412;107;158;132;1412;x;
1413;93;204;196;1413;x;
1414;135;129;219;1414;x;
1415;52;129;98;1415;x;
1416;52;110;133;1416;x;
1417;10;171;5;1417;x;
1418;51;186;193;1418;x;
1419;10;42;140;1419;x;
1420;136;132;34;1420;x;
1421;136;135;99;1421;x;
1422;212;204;61;1422;x;
1423;36;50;21;1423;x;
1424;113;161;214;1424;x;
1425;92;211;149;1425;x;
1426;51;138;93;1426;x;
1427;112;0;188;1427;x;
1428;145;113;47;1428;x;
1429;52;75;18;1429;x;
1430;94;132;226;1430;x;
1431;241;133;168;1431;x;
1432;135;117;54;1432;x;
1433;25;47;99;1433;x;
1434;9;87;170;1434;x;
1435;9;198;195;1435;x;
1436;175;118;227;1436;x;
1437;136;36;139;1437;x;
1438;178;135;162;1438;x;
1439;176;162;74;1439;x;
1440;93;114;181;1440;x;
1441;56;122;53;1441;x;
1442;9;183;65;1442;x;
1443;144;133;112;1443;x;
1444;9;120;90;1444;x;
1445;25;45;58;1445;x;
1446;178;45;147;1446;x;
1447;52;174;133;1447;x;
1448;10;138;35;1448;x;
1449;178;123;97;1449;x;
1450;93;189;66;1450;x;
1451;52;33;53;1451;x;
1452;69;96;158;1452;x;
1453;81;77;239;1453;x;
1454;177;195;67;1454;x;
1455;10;72;145;1455;x;
1456;136;120;224;1456;x;
1457;241;249;219;1457;x;
1458;135;177;64;1458;x;
1459;94;57;86;1459;x;
1460;178;108;222;1460;x;
1461;51;111;53;1461;x;
1462;52;54;213;1462;x;
1463;94;39;146;1463;x;
1464;199;193;132;1464;x;
1465;219;194;60;1465;x;
1466;219;60;141;1466;x;
1467;136;39;54;1467;x;
1468;53;87;122;1468;x;
1469;177;117;217;1469;x;
1470;10;27;10;1470;x;
1471;136;60;214;1471;x;
1472;52;45;13;1472;x;
1473;52;114;223;1473;x;
1474;216;255;178;1474;x;
1475;74;176;83;1475;x;
1476;93;141;221;1476;x;
1477;94;180;71;1477;x;
1478;93;174;191;1478;x;
1479;46;4;13;1479;x;
1480;135;192;194;1480;x;
1481;178;54;142;1481;x;
1482;52;66;23;1482;x;
1483;10;111;95;1483;x;
1484;177;180;192;1484;x;
1485;136;42;19;1485;x;
1486;51;156;188;1486;x;
1487;94;69;151;1487;x;
1488;94;117;96;1488;x;
1489;136;105;94;1489;x;
1490;177;135;57;1490;x;
1491;9;138;185;1491;x;
1492;9;153;60;1492;x;
1493;93;144;186;1493;x;
1494;94;102;221;1494;x;
1495;51;141;58;1495;x;
1496;32;26;47;1496;x;